Model,Train_RMSE,Test_RMSE,Train_MAE,Test_MAE,Train_R2,Test_R2,Train_MAPE,Test_MAPE
Linear Regression,0.3687449307884027,0.25163892332329646,0.2495742933613805,0.20692227363162854,0.9231432144264158,0.9246987622209718,47.26442021024157,51.91353348282802
