Model,Test_RMSE,Test_MAE,Test_R2,Test_MAPE
Linear Regression,0.2516389233232964,0.2069222736316285,0.9246987622209718,51.91353348282802
Random Forest,0.28159968781111727,0.22279904517404242,0.9057001902775627,89.16849914795478
XGBoost,0.2776632119175848,0.21631585292673455,0.908318192945466,80.74928197585366
